{
  "mobilenet_v3_large": {
    "default": 0.8921052631578947,
    "real_world": 0.8894736842105263
  }
}